"timestamp","localCount","remoteCount","totalCount","uniqueCount"
"2025-09-16T20:21:46.692Z","205","146","345","238"
"2025-09-16T20:23:34.600Z","205","146","345","238"
"2025-09-17T03:28:50.220Z","205","146","345","238"
"2025-09-17T03:29:48.845Z","205","146","345","238"
"2025-09-17T04:08:20.123Z","205","147","346","239"
"2025-09-17T05:08:01.214Z","205","148","347","240"
"2025-09-17T06:11:08.946Z","205","148","347","240"
"2025-09-17T07:08:01.364Z","206","149","349","242"
"2025-09-17T08:10:06.410Z","209","149","352","244"
"2025-09-17T09:08:06.440Z","210","150","354","246"
"2025-09-17T10:08:16.232Z","211","151","356","248"
"2025-09-17T11:06:37.611Z","213","152","359","249"
"2025-09-17T12:12:08.219Z","214","152","360","250"
"2025-09-17T13:13:31.764Z","215","152","361","250"
"2025-09-17T14:07:22.285Z","218","153","365","253"
"2025-09-17T15:07:53.030Z","222","157","372","256"
"2025-09-17T16:08:40.132Z","223","161","377","257"
"2025-09-17T17:06:52.297Z","225","161","379","258"
"2025-09-17T18:09:58.258Z","226","162","381","260"
"2025-09-17T19:06:36.762Z","229","164","385","262"
"2025-09-17T20:07:34.297Z","229","166","387","264"
"2025-09-17T21:06:34.138Z","229","171","392","266"
"2025-09-17T22:06:49.843Z","229","176","397","268"
"2025-09-17T23:07:41.575Z","229","177","398","269"
"2025-09-18T00:27:56.472Z","231","177","400","271"
"2025-09-18T01:34:56.738Z","232","180","404","273"
"2025-09-18T02:32:23.356Z","233","180","405","274"
"2025-09-18T03:17:31.065Z","234","180","406","275"
"2025-09-18T04:08:20.123Z","235","180","407","275"
"2025-09-18T05:07:48.488Z","236","180","408","276"
"2025-09-18T06:10:32.598Z","237","180","409","277"
"2025-09-18T07:08:04.650Z","238","180","410","278"
"2025-09-18T08:09:47.266Z","239","182","413","280"
"2025-09-18T09:08:11.920Z","240","185","417","284"
"2025-09-18T10:07:36.912Z","241","187","420","287"
"2025-09-18T11:06:36.781Z","241","189","422","289"
"2025-09-18T12:11:45.755Z","241","190","423","290"
"2025-09-18T13:13:44.985Z","242","192","426","293"
"2025-09-18T14:07:52.569Z","243","193","428","294"
"2025-09-18T15:07:28.437Z","244","195","431","296"
"2025-09-18T16:08:26.941Z","245","196","433","298"
"2025-09-18T17:06:53.587Z","245","197","434","298"
"2025-09-18T18:10:35.824Z","246","199","437","299"
"2025-09-18T19:06:47.128Z","246","200","438","300"
"2025-09-18T20:07:53.262Z","246","200","438","300"
"2025-09-18T21:06:58.030Z","250","201","442","301"
"2025-09-18T22:06:51.760Z","256","202","449","303"
"2025-09-18T23:07:07.054Z","258","202","451","304"
"2025-09-19T00:29:21.208Z","260","202","453","304"
"2025-09-19T01:34:57.724Z","262","202","455","305"
"2025-09-19T02:34:22.010Z","262","202","455","305"
"2025-09-19T03:20:12.540Z","263","203","457","307"
"2025-09-19T04:08:30.017Z","264","204","459","309"
"2025-09-19T05:07:53.485Z","265","204","460","309"
"2025-09-19T06:10:15.121Z","265","204","460","309"
"2025-09-19T07:08:17.488Z","266","204","461","309"
"2025-09-19T08:09:39.775Z","269","205","465","311"
"2025-09-19T09:08:40.158Z","269","208","468","313"
"2025-09-19T10:07:53.755Z","270","211","472","314"
"2025-09-19T11:06:36.898Z","271","211","473","314"
"2025-09-19T12:12:02.043Z","273","213","477","315"
"2025-09-19T13:13:25.112Z","273","215","479","316"
"2025-09-19T14:07:16.850Z","274","218","483","317"
"2025-09-19T15:07:07.921Z","274","219","484","318"
"2025-09-19T16:08:27.820Z","277","219","487","319"
"2025-09-19T17:06:49.349Z","278","222","491","321"
"2025-09-19T18:09:59.457Z","279","222","492","322"
"2025-09-19T19:06:29.479Z","279","223","493","323"
"2025-09-19T20:07:36.368Z","280","224","495","324"
"2025-09-19T21:06:42.361Z","282","223","496","325"
"2025-09-19T22:06:57.361Z","283","223","497","325"
"2025-09-19T23:06:38.462Z","283","223","497","325"
"2025-09-20T00:27:36.494Z","283","223","497","325"
"2025-09-20T01:34:40.014Z","283","224","498","326"
"2025-09-20T02:30:45.538Z","283","224","498","326"
"2025-09-20T03:15:09.826Z","285","225","501","329"
"2025-09-20T04:08:18.023Z","287","227","505","330"
"2025-09-20T05:07:02.863Z","288","227","506","330"
"2025-09-20T06:09:30.098Z","288","228","507","331"
"2025-09-20T07:07:06.137Z","289","228","508","331"
"2025-09-20T08:08:32.064Z","289","228","508","331"
"2025-09-20T09:06:39.536Z","290","229","509","332"
"2025-09-20T10:06:53.505Z","290","229","509","332"
"2025-09-20T11:06:29.039Z","292","230","512","333"
"2025-09-20T12:11:14.377Z","293","230","513","334"
"2025-09-20T13:10:37.238Z","293","232","515","334"
"2025-09-20T14:06:32.918Z","294","232","516","334"
"2025-09-20T15:06:35.073Z","295","233","518","336"
"2025-09-20T16:07:40.384Z","296","235","521","338"
"2025-09-20T17:06:09.483Z","297","238","524","339"
"2025-09-20T18:08:03.691Z","298","238","525","340"
"2025-09-20T19:05:59.325Z","299","238","526","341"
"2025-09-20T20:06:50.890Z","301","239","529","343"
"2025-09-20T21:06:05.173Z","301","240","530","343"
"2025-09-20T22:06:27.184Z","303","242","534","343"
"2025-09-20T23:06:49.318Z","308","243","540","343"
"2025-09-21T00:32:15.602Z","310","245","544","344"
"2025-09-21T01:35:12.056Z","310","245","544","344"
"2025-09-21T02:36:43.088Z","310","245","544","344"
"2025-09-21T03:23:27.568Z","310","245","544","344"
"2025-09-21T04:08:16.237Z","310","246","545","345"
"2025-09-21T05:07:03.434Z","311","246","546","346"
"2025-09-21T06:09:35.178Z","311","246","546","346"
"2025-09-21T07:06:28.265Z","312","246","547","347"
"2025-09-21T08:08:01.909Z","312","247","548","347"
"2025-09-21T09:06:31.534Z","314","247","550","348"
"2025-09-21T10:06:49.942Z","314","247","550","348"
"2025-09-21T11:06:14.597Z","315","249","552","348"
"2025-09-21T12:11:06.369Z","315","250","553","349"
"2025-09-21T13:09:43.155Z","315","250","553","349"
"2025-09-21T14:06:30.763Z","317","251","556","351"
"2025-09-21T15:06:34.668Z","320","252","560","352"
"2025-09-21T16:07:17.309Z","321","252","561","352"
"2025-09-21T17:06:30.541Z","321","252","561","352"
"2025-09-21T18:08:28.719Z","321","252","561","352"
"2025-09-21T19:06:20.649Z","321","252","561","352"
"2025-09-21T20:07:33.000Z","321","252","561","352"
"2025-09-21T21:06:22.119Z","321","252","561","352"
"2025-09-21T22:06:50.004Z","321","252","561","352"
"2025-09-21T23:06:50.272Z","321","252","561","352"
"2025-09-22T00:32:09.148Z","324","252","564","353"
"2025-09-22T01:36:04.760Z","324","252","564","353"
"2025-09-22T02:36:59.837Z","324","252","564","353"
"2025-09-22T03:23:55.483Z","324","252","564","353"
"2025-09-22T04:09:01.135Z","324","252","564","353"
"2025-09-22T05:08:10.162Z","324","252","564","353"
"2025-09-22T06:11:26.852Z","324","252","564","353"
"2025-09-22T07:08:44.700Z","324","253","565","354"
"2025-09-22T08:10:26.009Z","324","253","565","354"
"2025-09-22T09:09:14.376Z","325","254","567","355"
"2025-09-22T10:08:50.066Z","325","254","567","355"
"2025-09-22T11:07:04.066Z","326","254","568","356"
"2025-09-22T12:12:39.082Z","326","257","571","356"
"2025-09-22T13:15:03.310Z","328","257","573","358"
"2025-09-22T14:08:31.530Z","328","257","573","358"
"2025-09-22T15:07:58.467Z","328","257","573","358"
"2025-09-22T16:08:48.553Z","328","257","573","358"
"2025-09-22T17:06:52.736Z","331","257","576","358"
"2025-09-22T18:10:32.467Z","332","258","578","360"
"2025-09-22T19:06:46.470Z","332","259","579","361"
"2025-09-22T20:08:38.013Z","333","259","580","362"
"2025-09-22T21:06:36.124Z","334","259","581","362"
"2025-09-22T22:07:19.035Z","334","260","582","362"
"2025-09-22T23:07:01.578Z","334","260","582","362"
"2025-09-23T00:29:06.520Z","334","260","582","362"
"2025-09-23T01:34:55.610Z","334","261","583","363"
"2025-09-23T02:33:00.487Z","334","261","583","363"
"2025-09-23T03:17:56.879Z","334","261","583","363"
"2025-09-23T04:08:30.572Z","334","261","583","363"
"2025-09-23T05:08:07.614Z","334","261","583","363"
"2025-09-23T06:11:12.659Z","334","261","583","363"
"2025-09-23T07:08:46.714Z","335","261","584","363"
"2025-09-23T08:09:56.340Z","335","261","584","363"
"2025-09-23T09:09:16.863Z","339","267","594","370"
"2025-09-23T10:08:14.870Z","341","270","599","372"
"2025-09-23T11:06:58.119Z","341","270","599","372"
"2025-09-23T12:12:17.746Z","341","270","599","372"
"2025-09-23T13:14:06.876Z","342","271","601","373"
"2025-09-23T14:07:34.349Z","342","272","602","374"
"2025-09-23T15:08:31.314Z","345","272","605","376"
"2025-09-23T16:09:22.351Z","345","272","605","376"
"2025-09-23T17:06:34.202Z","345","272","605","376"
"2025-09-23T18:10:15.385Z","345","272","605","376"
"2025-09-23T19:06:36.374Z","345","272","605","376"
"2025-09-23T20:07:43.163Z","345","272","605","376"
"2025-09-23T21:06:28.356Z","345","272","605","376"
"2025-09-23T22:06:46.786Z","345","272","605","376"
"2025-09-23T23:06:43.708Z","345","272","605","376"
"2025-09-24T00:29:43.973Z","347","272","607","378"
"2025-09-24T01:35:41.388Z","347","272","607","378"
"2025-09-24T02:33:26.128Z","347","272","607","378"
"2025-09-24T03:18:36.740Z","347","272","607","378"
"2025-09-24T04:08:14.722Z","347","272","607","378"
"2025-09-24T05:08:05.753Z","347","272","607","378"
"2025-09-24T06:11:01.922Z","348","272","608","379"
"2025-09-24T07:08:15.741Z","350","272","610","380"
"2025-09-24T08:10:14.496Z","350","272","610","380"
"2025-09-24T09:08:36.058Z","352","272","612","381"
"2025-09-24T10:08:23.405Z","352","272","612","381"
"2025-09-24T11:06:35.713Z","353","272","613","382"
"2025-09-24T12:12:40.177Z","354","272","614","382"
"2025-09-24T13:14:08.575Z","358","272","618","384"
"2025-09-24T14:07:18.582Z","359","272","619","385"
"2025-09-24T15:07:32.690Z","361","272","621","387"
"2025-09-24T16:09:11.574Z","361","274","623","389"
"2025-09-24T17:07:04.493Z","363","277","626","390"
"2025-09-24T18:10:38.626Z","363","277","626","390"
"2025-09-24T19:06:38.112Z","363","277","626","390"
"2025-09-24T20:08:27.649Z","363","277","626","390"
"2025-09-24T21:06:47.599Z","363","277","626","390"
"2025-09-24T22:06:59.587Z","365","278","629","392"
"2025-09-24T23:07:05.700Z","365","278","629","392"
"2025-09-25T00:29:17.672Z","365","278","629","392"
"2025-09-25T01:35:03.754Z","365","278","629","392"
"2025-09-25T02:34:35.412Z","365","278","629","392"
"2025-09-25T03:21:01.338Z","365","278","629","392"
"2025-09-25T04:08:40.693Z","365","279","630","392"
"2025-09-25T05:08:01.850Z","365","279","630","392"
"2025-09-25T06:11:10.477Z","368","279","633","392"
"2025-09-25T07:08:47.628Z","368","279","633","392"
"2025-09-25T08:10:03.486Z","368","279","633","392"
"2025-09-25T09:08:47.301Z","368","279","633","392"
"2025-09-25T10:08:22.009Z","368","280","634","393"
"2025-09-25T11:07:12.817Z","368","280","634","393"
"2025-09-25T12:12:27.884Z","370","280","636","394"
"2025-09-25T13:14:37.244Z","371","282","638","395"
"2025-09-25T14:08:08.406Z","371","282","638","395"
"2025-09-25T15:07:49.616Z","371","282","638","395"
"2025-09-25T16:08:45.602Z","371","283","639","396"
"2025-09-25T17:06:49.036Z","372","283","640","396"
"2025-09-25T18:10:56.784Z","372","283","640","396"
"2025-09-25T19:06:42.508Z","372","283","640","396"
"2025-09-25T20:08:01.656Z","372","283","640","396"
"2025-09-25T21:06:50.548Z","373","283","641","397"
"2025-09-25T22:06:40.234Z","375","283","643","397"
"2025-09-25T23:06:54.278Z","375","283","643","397"
"2025-09-26T00:28:55.052Z","375","283","643","397"
"2025-09-26T01:35:11.498Z","376","283","644","397"
"2025-09-26T02:33:43.030Z","376","283","644","397"
"2025-09-26T03:19:18.398Z","377","283","645","398"
"2025-09-26T04:08:22.066Z","380","283","648","401"
"2025-09-26T05:08:01.766Z","380","284","649","402"
"2025-09-26T06:10:46.815Z","380","284","649","402"
"2025-09-26T07:08:16.199Z","381","284","650","403"
"2025-09-26T08:10:28.753Z","381","284","650","403"
"2025-09-26T09:08:12.008Z","381","284","650","403"
"2025-09-26T10:07:40.387Z","382","284","651","403"
"2025-09-26T11:06:44.201Z","384","285","654","405"
"2025-09-26T12:12:13.120Z","385","285","655","406"
"2025-09-26T13:13:42.421Z","385","286","656","407"
"2025-09-26T14:07:18.137Z","386","286","657","407"
"2025-09-26T15:07:19.939Z","387","286","658","408"
"2025-09-26T16:08:46.603Z","388","286","659","408"
"2025-09-26T17:06:38.304Z","390","286","661","408"
"2025-09-26T18:08:47.423Z","391","287","662","408"
"2025-09-26T19:06:35.764Z","392","288","664","410"
"2025-09-26T20:08:18.803Z","395","290","668","412"
"2025-09-26T21:06:24.099Z","395","290","668","412"
"2025-09-26T22:06:43.595Z","397","290","670","414"
"2025-09-26T23:06:59.482Z","398","290","671","415"
"2025-09-27T00:28:13.163Z","398","290","671","415"
"2025-09-27T01:34:30.527Z","399","290","672","415"
"2025-09-27T02:30:35.232Z","399","292","674","416"
"2025-09-27T03:15:11.000Z","399","292","674","416"
"2025-09-27T04:08:16.202Z","399","292","674","416"
"2025-09-27T05:06:54.996Z","399","292","674","416"
"2025-09-27T06:09:08.144Z","399","292","674","416"
"2025-09-27T07:06:28.037Z","399","292","674","416"
"2025-09-27T08:08:09.636Z","399","292","674","416"
"2025-09-27T09:06:42.781Z","400","292","675","417"
"2025-09-27T10:06:41.383Z","400","292","675","417"
"2025-09-27T11:06:15.629Z","401","292","676","418"
"2025-09-27T12:11:02.886Z","401","292","676","418"
"2025-09-27T13:09:20.743Z","402","292","677","418"
"2025-09-27T14:06:23.203Z","402","292","677","418"
"2025-09-27T15:06:27.798Z","402","292","677","418"
"2025-09-27T16:07:18.466Z","402","292","677","418"
"2025-09-27T17:07:00.065Z","402","292","677","418"
"2025-09-27T18:08:28.649Z","403","292","678","418"
"2025-09-27T19:06:08.912Z","403","292","678","418"
"2025-09-27T20:07:12.264Z","404","292","679","418"
"2025-09-27T21:06:28.953Z","405","292","680","418"
"2025-09-27T22:06:32.878Z","406","292","681","418"
"2025-09-27T23:06:40.157Z","406","292","681","418"
"2025-09-28T00:32:41.965Z","406","292","681","418"
"2025-09-28T01:35:24.481Z","406","292","681","418"
"2025-09-28T02:36:50.734Z","406","292","681","418"
"2025-09-28T03:23:45.210Z","406","292","681","418"
"2025-09-28T04:08:25.546Z","407","292","682","418"
"2025-09-28T05:07:18.401Z","407","292","682","418"
"2025-09-28T06:09:40.244Z","408","292","683","419"
"2025-09-28T07:06:49.027Z","410","292","685","419"
"2025-09-28T08:08:19.725Z","411","292","686","419"
"2025-09-28T09:06:36.516Z","411","292","686","419"
"2025-09-28T10:06:43.189Z","411","292","686","419"
"2025-09-28T11:06:14.441Z","413","292","688","419"
"2025-09-28T12:11:02.759Z","414","292","689","419"
"2025-09-28T13:09:32.229Z","414","292","689","419"
"2025-09-28T14:06:12.606Z","414","292","689","419"
"2025-09-28T15:06:17.967Z","416","293","692","420"
"2025-09-28T16:07:34.831Z","418","293","694","420"
"2025-09-28T17:06:33.038Z","419","293","695","420"
"2025-09-28T18:08:14.666Z","420","293","696","420"
"2025-09-28T19:06:26.811Z","421","293","697","420"
"2025-09-28T20:07:13.750Z","421","294","698","421"
"2025-09-28T21:06:15.341Z","421","294","698","421"
"2025-09-28T22:07:15.524Z","423","294","700","423"
"2025-09-28T23:06:54.106Z","427","295","705","424"
"2025-09-29T00:30:27.045Z","427","295","705","424"
"2025-09-29T01:35:30.167Z","428","295","706","424"
"2025-09-29T02:36:02.235Z","429","295","707","424"
"2025-09-29T03:23:15.788Z","430","295","708","424"
"2025-09-29T04:09:09.953Z","430","295","708","424"
"2025-09-29T05:08:06.610Z","430","295","708","424"
"2025-09-29T06:11:54.233Z","430","295","708","424"
"2025-09-29T07:08:42.440Z","432","295","710","424"
"2025-09-29T08:10:52.946Z","435","296","713","426"
"2025-09-29T09:09:06.231Z","435","297","714","427"
"2025-09-29T10:08:48.552Z","435","298","715","428"
"2025-09-29T11:07:06.974Z","435","301","718","431"
"2025-09-29T12:12:39.288Z","438","307","724","431"
"2025-09-29T13:15:46.324Z","441","314","733","435"
"2025-09-29T14:07:42.470Z","441","316","735","437"
"2025-09-29T15:08:06.462Z","446","319","740","437"
"2025-09-29T16:07:50.720Z","450","323","745","439"
"2025-09-29T17:07:36.094Z","452","325","748","440"
"2025-09-29T18:10:47.060Z","452","325","748","440"
"2025-09-29T19:06:44.599Z","454","325","750","441"
"2025-09-29T20:08:28.949Z","454","325","750","441"
"2025-09-29T21:06:52.707Z","457","325","753","442"
"2025-09-29T22:06:49.083Z","458","327","756","444"
"2025-09-29T23:06:58.634Z","460","327","758","445"
"2025-09-30T00:29:35.876Z","463","328","762","448"
"2025-09-30T01:34:09.485Z","463","328","762","448"
"2025-09-30T02:32:38.937Z","463","331","765","451"
"2025-09-30T03:18:19.832Z","463","331","765","451"
"2025-09-30T04:08:50.617Z","466","332","769","453"
"2025-09-30T05:07:55.722Z","466","334","771","455"
"2025-09-30T06:11:30.465Z","467","336","773","455"
"2025-09-30T07:08:58.546Z","468","337","775","456"
"2025-09-30T08:10:47.711Z","468","337","775","456"
"2025-09-30T09:08:32.350Z","471","337","778","456"
"2025-09-30T10:08:19.167Z","471","337","778","456"
"2025-09-30T11:07:12.502Z","471","338","779","457"
"2025-09-30T12:12:45.696Z","471","338","779","457"
"2025-09-30T13:15:05.548Z","471","338","779","457"
"2025-09-30T14:07:57.078Z","474","338","782","457"
"2025-09-30T15:07:20.295Z","476","338","784","458"
"2025-09-30T16:09:28.873Z","479","339","788","460"
"2025-09-30T17:06:58.447Z","480","339","789","461"
"2025-10-01T01:36:15.405Z","484","340","794","462"
"2025-10-01T02:37:47.924Z","485","340","795","462"
"2025-10-01T03:26:40.029Z","485","340","795","462"
"2025-10-01T04:08:34.578Z","485","340","795","462"
"2025-10-01T05:08:24.639Z","487","340","797","463"
"2025-10-01T06:10:59.340Z","487","340","797","463"
"2025-10-01T07:08:44.880Z","487","340","797","463"
"2025-10-01T08:10:07.056Z","487","340","797","463"
"2025-10-01T09:08:48.498Z","487","340","797","463"
"2025-10-01T10:08:43.053Z","487","340","797","463"
"2025-10-01T11:07:16.735Z","488","340","798","464"
"2025-10-01T12:12:55.588Z","490","340","800","464"
"2025-10-01T13:15:23.012Z","490","340","800","464"
"2025-10-01T14:07:40.365Z","490","340","800","464"
"2025-10-01T15:07:21.533Z","491","340","801","464"
"2025-10-01T16:09:13.147Z","492","340","802","464"
"2025-10-01T17:07:08.167Z","493","340","803","465"
"2025-10-01T18:09:59.241Z","493","340","803","465"
"2025-10-01T19:06:23.732Z","493","340","803","465"
"2025-10-01T20:09:01.595Z","493","341","804","465"
"2025-10-01T21:06:42.720Z","493","341","804","465"
"2025-10-01T22:06:48.823Z","493","341","804","465"
"2025-10-01T23:06:33.495Z","493","341","804","465"
"2025-10-02T00:28:25.309Z","494","341","805","465"
"2025-10-02T01:34:47.336Z","494","341","805","465"
"2025-10-02T02:32:18.879Z","494","341","805","465"
"2025-10-02T03:17:16.163Z","494","341","805","465"
"2025-10-02T04:08:18.085Z","495","341","806","466"
"2025-10-02T05:07:32.195Z","495","343","808","468"
"2025-10-02T06:10:42.668Z","495","343","808","468"
"2025-10-02T07:07:55.072Z","498","347","815","473"
"2025-10-02T08:10:01.146Z","500","350","820","476"
"2025-10-02T09:07:50.795Z","503","351","824","477"
"2025-10-02T10:08:09.929Z","504","351","825","477"
"2025-10-02T11:06:29.507Z","507","352","829","479"
"2025-10-02T12:11:47.923Z","516","352","838","479"
"2025-10-02T13:13:10.156Z","517","353","840","480"
"2025-10-02T14:07:21.780Z","518","353","841","481"
"2025-10-02T15:07:19.665Z","518","354","842","482"
"2025-10-02T16:08:21.164Z","521","356","847","485"
"2025-10-02T17:06:18.892Z","521","356","847","485"
"2025-10-02T18:10:11.501Z","521","358","849","486"
"2025-10-02T19:06:45.037Z","521","362","853","490"
"2025-10-02T20:08:15.002Z","524","362","856","491"
"2025-10-02T21:06:32.724Z","525","362","857","491"
"2025-10-02T22:06:41.092Z","526","363","859","492"
"2025-10-02T23:06:43.555Z","527","363","860","493"
"2025-10-03T00:28:14.106Z","528","365","863","495"
"2025-10-03T01:34:49.541Z","528","366","864","496"
"2025-10-03T02:31:55.471Z","528","367","865","497"
"2025-10-03T03:16:13.064Z","528","368","866","498"
"2025-10-03T04:08:21.066Z","528","368","866","498"
"2025-10-03T05:07:43.896Z","528","368","866","498"
"2025-10-03T06:10:17.403Z","528","368","866","498"
"2025-10-03T07:07:56.607Z","529","369","868","499"
"2025-10-03T08:09:27.830Z","529","371","870","501"
"2025-10-03T09:07:45.737Z","530","374","874","505"
"2025-10-03T10:08:18.787Z","532","376","878","506"
"2025-10-03T11:06:36.766Z","532","376","878","506"
"2025-10-03T12:11:36.198Z","532","376","878","506"
"2025-10-03T13:12:17.481Z","532","378","880","508"
"2025-10-03T14:07:01.599Z","532","382","884","512"
"2025-10-03T15:07:04.450Z","533","382","885","512"
"2025-10-03T16:08:17.569Z","533","383","886","513"
"2025-10-03T17:06:42.748Z","534","383","887","514"
"2025-10-03T18:09:40.510Z","534","383","887","514"
"2025-10-03T19:06:29.750Z","534","383","887","514"
"2025-10-03T20:08:00.413Z","534","383","887","514"
"2025-10-03T21:06:39.558Z","534","383","887","514"
"2025-10-03T22:06:28.847Z","534","385","889","515"
"2025-10-03T23:06:43.342Z","535","385","890","516"
"2025-10-04T00:27:08.842Z","535","385","890","516"
"2025-10-04T01:34:14.766Z","535","385","890","516"
"2025-10-04T02:28:46.414Z","535","389","894","520"
"2025-10-04T03:12:39.332Z","536","392","898","523"
"2025-10-04T04:08:48.334Z","537","392","899","523"
"2025-10-04T05:07:16.289Z","537","392","899","523"
"2025-10-04T06:09:03.433Z","537","392","899","523"
"2025-10-04T07:06:26.342Z","537","392","899","523"
"2025-10-04T08:08:56.127Z","538","393","901","524"
"2025-10-04T09:07:13.805Z","538","393","901","524"
"2025-10-04T10:06:37.994Z","542","393","905","525"
"2025-10-04T11:06:06.600Z","544","393","907","526"
"2025-10-04T12:10:41.780Z","547","394","911","526"
"2025-10-04T13:08:54.428Z","547","394","911","526"
"2025-10-04T14:08:40.008Z","548","394","912","527"
"2025-10-04T15:06:21.559Z","555","394","919","533"
"2025-10-04T16:07:13.535Z","555","394","919","533"
"2025-10-04T17:06:25.523Z","555","395","920","534"
"2025-10-04T18:08:07.186Z","555","395","920","534"
"2025-10-04T19:06:20.371Z","555","395","920","534"
"2025-10-04T20:06:53.874Z","557","395","922","534"
"2025-10-04T21:06:19.136Z","557","395","922","534"
"2025-10-04T22:06:19.467Z","557","395","922","534"
"2025-10-04T23:07:22.746Z","558","395","923","535"
"2025-10-05T00:32:19.973Z","558","395","923","535"
"2025-10-05T01:34:55.240Z","558","396","924","536"
"2025-10-05T02:36:47.970Z","560","397","927","537"
"2025-10-05T03:22:14.637Z","560","397","927","537"
"2025-10-05T04:08:39.204Z","560","397","927","537"
"2025-10-05T05:07:14.430Z","560","397","927","537"
"2025-10-05T06:09:09.222Z","561","398","929","538"
"2025-10-05T07:06:16.167Z","562","400","931","539"
"2025-10-05T08:08:01.758Z","562","400","931","539"
"2025-10-05T09:06:22.382Z","562","400","931","539"
"2025-10-05T10:06:53.702Z","563","401","933","540"
"2025-10-05T11:06:08.766Z","563","401","933","540"
"2025-10-05T12:10:50.488Z","566","401","936","540"
"2025-10-05T13:09:32.876Z","566","402","937","541"
"2025-10-05T14:06:30.650Z","566","402","937","541"
"2025-10-05T15:06:13.195Z","566","403","938","542"
"2025-10-05T16:07:12.374Z","566","404","939","543"
"2025-10-05T17:06:31.541Z","566","404","939","543"
"2025-10-05T18:08:32.592Z","567","404","940","543"
"2025-10-05T19:06:54.538Z","568","404","941","544"
"2025-10-05T20:07:06.788Z","569","404","942","544"
"2025-10-05T21:06:06.526Z","570","404","943","544"
"2025-10-05T22:06:20.184Z","571","404","944","544"
"2025-10-05T23:06:05.031Z","573","404","946","544"
"2025-10-06T00:29:53.853Z","574","404","947","544"
"2025-10-06T01:35:12.388Z","576","404","949","544"
"2025-10-06T02:34:49.036Z","577","404","950","544"
"2025-10-06T03:21:29.084Z","577","404","950","544"
"2025-10-06T04:09:06.333Z","577","404","950","544"
"2025-10-06T05:07:57.504Z","577","404","950","544"
"2025-10-06T06:11:01.525Z","578","404","951","544"
"2025-10-06T07:08:19.589Z","578","404","951","544"
"2025-10-06T08:10:25.778Z","578","406","953","546"
"2025-10-06T09:08:55.180Z","578","406","953","546"
"2025-10-06T10:08:33.847Z","578","407","954","546"
"2025-10-06T11:06:48.801Z","578","409","956","548"
"2025-10-06T12:12:30.812Z","578","411","958","548"
"2025-10-06T13:15:18.596Z","578","411","958","548"
"2025-10-06T14:07:27.944Z","578","411","958","548"
"2025-10-06T15:07:46.719Z","579","412","960","550"
"2025-10-06T16:08:49.494Z","580","412","961","550"
"2025-10-06T17:07:16.199Z","580","413","962","551"
"2025-10-06T18:10:03.469Z","581","414","964","551"
"2025-10-06T19:06:36.428Z","583","417","969","551"
"2025-10-06T20:08:18.016Z","587","420","976","551"
"2025-10-06T21:06:43.909Z","591","423","983","551"
"2025-10-06T22:06:40.512Z","593","423","985","551"
"2025-10-06T23:06:42.455Z","598","426","993","551"
"2025-10-07T00:28:56.781Z","602","429","1000","552"
"2025-10-07T01:34:47.768Z","603","432","1004","552"
"2025-10-07T02:33:12.483Z","604","433","1006","553"
"2025-10-07T03:17:43.981Z","604","433","1006","553"
"2025-10-07T04:08:59.502Z","604","435","1008","555"
"2025-10-07T05:07:44.568Z","604","436","1009","556"
"2025-10-07T06:10:43.684Z","605","436","1010","557"
"2025-10-07T07:08:46.333Z","605","436","1010","557"
"2025-10-07T08:10:09.997Z","605","437","1011","558"
"2025-10-07T09:08:24.183Z","606","439","1014","560"
"2025-10-07T10:08:08.996Z","606","439","1014","560"
"2025-10-07T11:06:54.116Z","606","440","1015","561"
"2025-10-07T12:13:03.544Z","606","444","1019","564"
"2025-10-07T13:14:45.429Z","608","445","1022","564"
"2025-10-07T14:07:51.442Z","608","446","1023","565"
"2025-10-07T15:07:53.351Z","608","446","1023","565"
"2025-10-07T16:08:41.972Z","611","449","1029","566"
"2025-10-07T17:06:40.801Z","611","449","1029","566"
"2025-10-07T18:10:14.963Z","611","450","1030","566"
"2025-10-07T19:06:32.863Z","612","452","1032","567"
"2025-10-07T20:07:59.608Z","612","452","1032","567"
"2025-10-07T21:06:46.727Z","613","453","1034","568"
"2025-10-07T22:07:01.543Z","613","455","1036","570"
"2025-10-07T23:07:08.547Z","614","455","1037","571"
"2025-10-08T00:28:50.312Z","614","457","1039","573"
"2025-10-08T01:34:48.693Z","614","457","1039","573"
"2025-10-08T02:33:03.157Z","615","458","1041","575"
"2025-10-08T03:17:08.518Z","615","462","1045","579"
"2025-10-08T04:08:20.468Z","616","463","1047","579"
"2025-10-08T05:08:04.585Z","619","465","1052","580"
"2025-10-08T06:11:02.455Z","619","468","1055","582"
"2025-10-08T07:07:50.537Z","619","469","1056","582"
"2025-10-08T08:10:55.626Z","619","469","1056","582"
"2025-10-08T09:08:14.682Z","620","469","1057","583"
"2025-10-08T10:08:06.830Z","620","469","1057","583"
"2025-10-08T11:06:42.175Z","620","470","1058","584"
"2025-10-08T12:13:04.627Z","624","471","1062","586"
"2025-10-08T13:14:36.363Z","624","472","1063","586"
"2025-10-08T14:08:00.684Z","624","472","1063","586"
"2025-10-08T15:07:36.887Z","625","472","1064","587"
"2025-10-08T16:09:25.193Z","625","472","1064","587"
"2025-10-08T17:06:42.550Z","627","472","1066","588"
"2025-10-08T18:11:34.473Z","628","472","1067","588"
"2025-10-08T19:06:39.028Z","628","475","1070","589"
"2025-10-08T20:08:06.312Z","629","475","1071","589"
"2025-10-08T21:06:43.514Z","629","475","1071","589"
"2025-10-08T22:07:03.432Z","629","475","1071","589"
"2025-10-08T23:06:51.718Z","629","475","1071","589"
"2025-10-09T00:28:46.681Z","631","475","1073","590"
"2025-10-09T01:34:44.660Z","631","476","1074","590"
"2025-10-09T02:34:36.814Z","631","476","1074","590"
"2025-10-09T03:19:58.402Z","632","476","1075","591"
"2025-10-09T04:09:07.213Z","632","476","1075","591"
"2025-10-09T05:08:14.077Z","633","476","1076","591"
"2025-10-09T06:11:02.454Z","634","476","1077","591"
"2025-10-09T07:08:08.278Z","634","476","1077","591"
"2025-10-09T08:09:51.304Z","636","476","1079","591"
"2025-10-09T09:08:30.320Z","636","476","1079","591"
"2025-10-09T10:08:36.589Z","636","477","1080","592"
"2025-10-09T11:06:50.814Z","636","477","1080","592"
"2025-10-09T12:12:21.161Z","637","477","1081","592"
"2025-10-09T13:15:40.981Z","637","477","1081","592"
"2025-10-09T14:08:18.646Z","638","477","1082","592"
"2025-10-09T15:26:25.499Z","638","477","1082","592"
"2025-10-09T16:09:12.206Z","639","477","1083","593"
"2025-10-09T17:07:21.774Z","641","477","1085","594"
"2025-10-09T18:09:55.210Z","641","477","1085","594"
"2025-10-09T19:06:45.176Z","641","477","1085","594"
"2025-10-09T20:08:14.259Z","643","477","1087","595"
"2025-10-09T21:06:46.896Z","644","478","1088","596"
"2025-10-09T22:06:44.613Z","644","478","1088","596"
"2025-10-09T23:06:54.158Z","645","478","1089","597"
"2025-10-10T00:29:07.474Z","646","478","1090","598"
"2025-10-10T01:35:05.666Z","647","478","1091","599"
"2025-10-10T02:34:21.039Z","647","478","1091","599"
"2025-10-10T03:20:06.114Z","647","478","1091","599"
"2025-10-10T04:08:43.501Z","647","478","1091","599"
"2025-10-10T05:08:04.455Z","648","478","1092","600"
"2025-10-10T06:11:06.903Z","650","478","1094","602"
"2025-10-10T07:08:10.749Z","652","478","1096","603"
"2025-10-10T08:10:18.008Z","652","478","1096","603"
"2025-10-10T09:08:48.458Z","653","478","1097","603"
"2025-10-10T10:08:34.176Z","653","478","1097","603"
"2025-10-10T11:06:53.708Z","653","478","1097","603"
"2025-10-10T12:12:17.524Z","654","478","1098","604"
"2025-10-10T13:13:37.911Z","654","479","1099","605"
"2025-10-10T14:07:30.683Z","657","479","1102","606"
"2025-10-10T15:07:26.695Z","658","479","1103","606"
"2025-10-10T16:08:54.949Z","659","479","1104","606"
"2025-10-10T17:07:15.946Z","659","479","1104","606"
"2025-10-10T18:10:06.808Z","660","479","1105","606"
"2025-10-10T19:06:32.574Z","660","480","1106","607"
"2025-10-10T20:08:03.674Z","660","480","1106","607"
"2025-10-10T21:06:26.224Z","662","480","1108","608"
"2025-10-10T22:06:30.754Z","665","480","1111","610"
"2025-10-10T23:06:44.223Z","666","481","1112","610"
"2025-10-11T00:27:37.671Z","666","481","1112","610"
"2025-10-11T01:34:26.164Z","666","481","1112","610"
"2025-10-11T02:30:57.115Z","666","481","1112","610"
"2025-10-11T03:14:41.096Z","666","481","1112","610"
"2025-10-11T04:07:53.974Z","668","481","1114","611"
"2025-10-11T05:07:18.387Z","669","481","1115","611"
"2025-10-11T06:09:12.523Z","669","481","1115","611"
"2025-10-11T07:06:16.824Z","670","481","1116","611"
"2025-10-11T08:08:17.539Z","671","481","1117","611"
"2025-10-11T09:06:40.926Z","671","481","1117","611"
"2025-10-11T10:06:41.055Z","673","481","1119","611"
"2025-10-11T11:06:24.850Z","674","481","1120","611"
"2025-10-11T12:11:02.436Z","674","481","1120","611"
"2025-10-11T13:09:14.473Z","674","481","1120","611"
"2025-10-11T14:06:05.253Z","675","481","1121","611"
"2025-10-11T15:06:20.863Z","675","481","1121","611"
"2025-10-11T16:07:30.489Z","676","481","1122","611"
"2025-10-11T17:06:22.884Z","676","481","1122","611"
"2025-10-11T18:07:57.424Z","676","481","1122","611"
"2025-10-11T19:05:54.941Z","677","481","1123","611"
"2025-10-11T20:07:50.664Z","678","481","1124","611"
"2025-10-11T21:06:18.308Z","678","481","1124","611"
"2025-10-11T22:06:34.732Z","679","481","1125","611"
"2025-10-11T23:06:26.665Z","679","481","1125","611"
"2025-10-12T00:30:36.749Z","680","481","1126","612"
"2025-10-12T01:34:48.504Z","680","481","1126","612"
"2025-10-12T02:35:46.367Z","680","481","1126","612"
"2025-10-12T03:21:22.028Z","680","481","1126","612"
"2025-10-12T04:08:08.275Z","680","481","1126","612"
"2025-10-12T05:07:24.802Z","680","481","1126","612"
"2025-10-12T06:09:17.932Z","684","481","1130","613"
"2025-10-12T07:06:39.577Z","685","481","1131","613"
"2025-10-12T08:08:27.394Z","685","481","1131","613"
"2025-10-12T09:06:39.026Z","686","481","1132","614"
"2025-10-12T10:06:59.971Z","686","481","1132","614"
"2025-10-12T11:06:21.778Z","686","481","1132","614"
"2025-10-12T12:10:56.562Z","688","481","1134","614"
"2025-10-12T13:09:42.290Z","690","481","1136","614"
"2025-10-12T14:06:15.075Z","691","481","1137","614"
"2025-10-12T15:06:23.253Z","692","481","1138","615"
"2025-10-12T16:07:47.270Z","694","481","1140","615"
"2025-10-12T17:06:21.663Z","694","481","1140","615"
"2025-10-12T18:08:26.487Z","695","482","1142","616"
"2025-10-12T19:06:00.841Z","695","482","1142","616"
"2025-10-12T20:07:22.661Z","695","482","1142","616"
"2025-10-12T21:06:15.464Z","696","482","1143","617"
"2025-10-12T22:06:23.828Z","697","482","1144","618"
"2025-10-12T23:06:26.461Z","698","482","1145","619"
"2025-10-13T00:31:47.658Z","699","483","1147","621"
"2025-10-13T01:35:50.823Z","699","483","1147","621"
"2025-10-13T02:38:00.915Z","700","483","1148","622"
"2025-10-13T03:25:52.443Z","700","483","1148","622"
"2025-10-13T04:08:59.217Z","700","483","1148","622"
"2025-10-13T05:08:04.199Z","701","483","1149","622"
"2025-10-13T06:11:51.120Z","702","483","1150","623"
"2025-10-13T07:08:40.727Z","704","483","1152","623"
"2025-10-13T08:10:42.617Z","705","483","1153","623"
"2025-10-13T09:09:36.385Z","706","483","1154","623"
"2025-10-13T10:09:05.751Z","709","483","1157","623"
"2025-10-13T11:07:41.664Z","712","484","1161","624"
"2025-10-13T12:12:59.670Z","712","484","1161","624"
"2025-10-13T13:15:55.671Z","712","484","1161","624"
"2025-10-13T14:07:40.879Z","712","484","1161","624"
"2025-10-13T15:08:06.376Z","713","484","1162","624"
"2025-10-13T16:08:47.793Z","713","484","1162","624"
"2025-10-13T17:06:58.247Z","713","484","1162","624"
"2025-10-13T18:09:55.943Z","713","484","1162","624"
"2025-10-13T19:06:17.350Z","713","484","1162","624"
"2025-10-13T20:08:42.353Z","714","484","1163","625"
"2025-10-13T21:06:51.249Z","716","484","1165","626"
"2025-10-13T22:06:44.191Z","716","484","1165","626"
"2025-10-13T23:06:36.986Z","716","484","1165","626"
"2025-10-14T00:28:38.081Z","718","484","1167","626"
"2025-10-14T01:35:32.023Z","718","484","1167","626"
"2025-10-14T02:34:03.229Z","718","484","1167","626"
"2025-10-14T03:20:57.881Z","718","485","1168","627"
"2025-10-14T04:09:06.008Z","718","485","1168","627"
"2025-10-14T05:07:39.801Z","718","485","1168","627"
"2025-10-14T06:11:32.367Z","718","486","1169","628"
"2025-10-14T07:08:27.980Z","718","486","1169","628"
"2025-10-14T08:09:45.759Z","718","486","1169","628"
"2025-10-14T09:08:33.944Z","721","486","1172","629"
"2025-10-14T10:08:23.956Z","722","487","1174","630"
"2025-10-14T11:07:03.400Z","722","487","1174","630"
"2025-10-14T12:13:54.526Z","722","487","1174","630"
"2025-10-14T13:15:52.751Z","722","487","1174","630"
"2025-10-14T14:07:59.455Z","725","487","1177","630"
"2025-10-14T15:08:23.493Z","725","487","1177","630"
"2025-10-14T16:08:44.950Z","725","487","1177","630"
"2025-10-14T17:07:32.827Z","726","487","1178","630"
"2025-10-14T18:10:38.016Z","727","488","1180","632"
"2025-10-14T19:06:51.295Z","727","488","1180","632"
"2025-10-14T20:08:11.739Z","727","488","1180","632"
"2025-10-14T21:06:42.732Z","727","489","1181","632"
"2025-10-14T22:07:10.372Z","728","489","1182","632"
"2025-10-14T23:06:51.661Z","728","489","1182","632"
"2025-10-15T00:30:19.110Z","728","489","1182","632"
"2025-10-15T01:35:56.317Z","728","489","1182","632"
"2025-10-15T02:36:07.224Z","728","489","1182","632"
"2025-10-15T03:22:47.556Z","728","489","1182","632"
"2025-10-15T04:08:38.253Z","728","489","1182","632"
"2025-10-15T05:08:04.457Z","728","489","1182","632"
"2025-10-15T06:11:23.021Z","730","489","1184","633"
"2025-10-15T07:08:33.791Z","730","489","1184","633"
"2025-10-15T08:10:32.793Z","731","490","1186","634"
"2025-10-15T09:08:35.766Z","733","492","1188","634"
"2025-10-15T10:08:45.523Z","737","492","1192","635"
"2025-10-15T11:07:00.119Z","742","492","1197","636"
"2025-10-15T12:13:43.884Z","747","493","1203","637"
"2025-10-15T13:16:13.399Z","749","493","1205","638"
"2025-10-15T14:07:50.448Z","750","493","1206","638"
"2025-10-15T15:07:50.862Z","753","493","1209","638"
"2025-10-15T16:08:08.313Z","753","495","1211","640"
"2025-10-15T17:07:20.198Z","754","496","1212","640"
"2025-10-15T18:11:36.911Z","755","496","1213","640"
"2025-10-15T19:06:49.967Z","756","496","1214","640"
"2025-10-15T20:08:55.496Z","757","496","1215","640"
"2025-10-15T21:06:41.707Z","757","496","1215","640"
"2025-10-15T22:06:24.658Z","757","496","1215","640"
"2025-10-15T23:07:03.744Z","759","496","1217","641"
"2025-10-16T00:30:14.818Z","762","497","1221","643"
"2025-10-16T01:35:36.859Z","762","497","1221","643"
"2025-10-16T02:35:10.069Z","762","497","1221","643"
"2025-10-16T03:22:49.081Z","762","497","1221","643"
"2025-10-16T04:08:56.748Z","762","497","1221","643"
"2025-10-16T05:07:50.290Z","762","497","1221","643"
"2025-10-16T06:11:31.637Z","762","497","1221","643"
"2025-10-16T07:08:30.153Z","762","497","1221","643"
"2025-10-16T08:10:33.860Z","764","497","1223","645"
"2025-10-16T09:08:50.739Z","765","497","1224","646"
"2025-10-16T10:08:44.586Z","767","497","1226","646"
"2025-10-16T11:06:56.206Z","767","499","1228","646"
"2025-10-16T12:13:04.508Z","767","499","1228","646"
"2025-10-16T13:15:59.639Z","767","499","1228","646"
"2025-10-16T14:07:46.791Z","769","499","1230","646"
"2025-10-16T15:07:51.770Z","770","499","1231","647"
"2025-10-16T16:09:02.119Z","770","499","1231","647"
"2025-10-16T17:07:35.988Z","771","499","1232","648"
"2025-10-16T18:12:49.338Z","772","500","1234","648"
"2025-10-16T19:06:48.594Z","772","500","1234","648"
"2025-10-16T20:08:23.198Z","772","500","1234","648"
"2025-10-16T21:06:50.692Z","772","501","1235","649"
"2025-10-16T22:06:25.257Z","773","502","1237","650"
"2025-10-16T23:07:31.754Z","773","502","1237","650"
"2025-10-17T00:29:31.829Z","774","503","1238","650"
"2025-10-17T01:34:55.476Z","774","503","1238","650"
"2025-10-17T02:34:49.556Z","774","503","1238","650"
"2025-10-17T03:21:27.324Z","775","503","1239","651"
"2025-10-17T04:09:09.544Z","775","503","1239","651"
"2025-10-17T05:07:56.559Z","776","503","1240","652"
"2025-10-17T06:10:31.299Z","776","503","1240","652"
"2025-10-17T07:08:15.521Z","777","504","1241","652"
"2025-10-17T08:10:38.125Z","777","504","1241","652"
"2025-10-17T09:08:44.922Z","777","504","1241","652"
"2025-10-17T10:08:09.388Z","777","505","1242","653"
"2025-10-17T11:06:48.416Z","777","505","1242","653"
"2025-10-17T12:12:24.806Z","777","505","1242","653"
"2025-10-17T13:13:46.709Z","777","505","1242","653"
"2025-10-17T14:07:37.276Z","777","505","1242","653"
"2025-10-17T15:07:21.105Z","778","505","1243","653"
"2025-10-17T16:08:37.357Z","780","505","1245","654"
"2025-10-17T17:06:33.865Z","781","505","1246","655"
"2025-10-17T18:09:07.864Z","781","508","1249","657"
"2025-10-17T19:07:17.187Z","781","508","1249","657"
"2025-10-17T20:08:38.229Z","781","508","1249","657"
"2025-10-17T21:06:34.905Z","781","508","1249","657"
"2025-10-17T22:06:37.590Z","781","509","1250","657"
"2025-10-17T23:06:43.574Z","781","509","1250","657"
"2025-10-18T00:27:58.239Z","782","509","1251","658"
"2025-10-18T01:34:28.868Z","782","509","1251","658"
"2025-10-18T02:31:11.658Z","784","509","1253","658"
"2025-10-18T03:15:39.632Z","784","509","1253","658"
"2025-10-18T04:08:02.690Z","784","509","1253","658"
"2025-10-18T05:06:51.770Z","784","509","1253","658"
"2025-10-18T06:09:25.997Z","784","509","1253","658"
"2025-10-18T07:06:47.031Z","784","509","1253","658"
"2025-10-18T08:08:39.579Z","784","509","1253","658"
"2025-10-18T09:06:55.590Z","784","509","1253","658"
"2025-10-18T10:06:42.919Z","784","509","1253","658"
"2025-10-18T11:06:20.341Z","784","509","1253","658"
"2025-10-18T12:12:09.583Z","784","509","1253","658"
"2025-10-18T13:10:16.700Z","784","509","1253","658"
"2025-10-18T14:06:22.738Z","784","509","1253","658"
"2025-10-18T15:06:27.900Z","784","509","1253","658"
"2025-10-18T16:08:26.492Z","784","510","1254","658"
"2025-10-18T17:06:17.705Z","784","510","1254","658"
"2025-10-18T18:08:31.433Z","784","510","1254","658"
"2025-10-18T19:06:03.244Z","784","510","1254","658"
"2025-10-18T20:07:05.859Z","784","510","1254","658"
"2025-10-18T21:06:14.536Z","784","510","1254","658"
"2025-10-18T22:06:18.842Z","784","510","1254","658"
"2025-10-18T23:06:34.013Z","785","510","1255","658"
"2025-10-19T00:33:43.300Z","785","510","1255","658"
"2025-10-19T01:36:16.694Z","785","510","1255","658"
"2025-10-19T02:38:54.922Z","785","510","1255","658"
"2025-10-19T03:28:09.985Z","785","510","1255","658"
"2025-10-19T04:09:45.336Z","785","510","1255","658"
"2025-10-19T05:07:37.852Z","785","510","1255","658"
"2025-10-19T06:09:51.743Z","785","510","1255","658"
"2025-10-19T07:06:35.980Z","785","510","1255","658"
"2025-10-19T08:08:21.800Z","786","510","1256","659"
"2025-10-19T09:06:52.179Z","786","510","1256","659"
"2025-10-19T10:06:50.711Z","786","510","1256","659"
"2025-10-19T11:06:06.617Z","787","510","1257","660"
"2025-10-19T12:11:13.969Z","787","510","1257","660"
"2025-10-19T13:10:19.789Z","788","511","1259","661"
"2025-10-19T14:06:24.873Z","788","511","1259","661"
"2025-10-19T15:07:05.006Z","789","511","1260","662"
"2025-10-19T16:07:23.698Z","790","511","1261","662"
"2025-10-19T17:06:34.586Z","790","511","1261","662"
"2025-10-19T18:08:42.383Z","790","511","1261","662"
"2025-10-19T19:06:14.438Z","790","511","1261","662"
"2025-10-19T20:07:32.011Z","791","511","1262","662"
"2025-10-19T21:06:25.383Z","791","511","1262","662"
"2025-10-19T22:06:32.139Z","791","511","1262","662"
"2025-10-19T23:06:54.381Z","791","511","1262","662"
"2025-10-20T00:32:23.186Z","791","511","1262","662"
"2025-10-20T01:36:14.993Z","791","511","1262","662"
"2025-10-20T02:39:28.195Z","792","511","1263","663"
"2025-10-20T03:29:32.035Z","792","511","1263","663"
"2025-10-20T04:11:50.409Z","792","511","1263","663"
"2025-10-20T05:08:05.783Z","794","511","1265","664"
"2025-10-20T06:11:09.488Z","794","511","1265","664"
"2025-10-20T07:08:41.659Z","794","511","1265","664"
"2025-10-20T08:10:22.189Z","794","511","1265","664"
"2025-10-20T09:09:01.369Z","794","511","1265","664"
"2025-10-20T10:08:33.648Z","794","511","1265","664"
"2025-10-20T11:07:51.778Z","796","511","1267","664"
"2025-10-20T12:13:12.584Z","797","511","1268","665"
"2025-10-20T13:15:20.720Z","797","512","1269","666"
"2025-10-20T14:06:41.376Z","797","512","1269","666"
"2025-10-20T15:08:31.079Z","799","512","1271","667"
"2025-10-20T16:08:48.476Z","800","512","1272","667"
"2025-10-20T17:06:59.043Z","801","512","1273","667"
"2025-10-20T18:10:36.944Z","801","512","1273","667"
"2025-10-20T19:06:51.257Z","801","512","1273","667"
"2025-10-20T20:08:35.501Z","801","512","1273","667"
"2025-10-20T21:06:50.155Z","801","512","1273","667"
"2025-10-20T22:06:49.025Z","802","513","1275","669"
"2025-10-20T23:06:43.037Z","803","513","1276","670"
"2025-10-21T00:30:11.051Z","804","513","1277","670"
"2025-10-21T01:35:19.033Z","804","513","1277","670"
"2025-10-21T02:36:16.155Z","804","513","1277","670"
"2025-10-21T03:23:44.249Z","805","513","1278","670"
"2025-10-21T04:08:57.484Z","805","513","1278","670"
"2025-10-21T05:08:11.754Z","806","513","1279","670"
"2025-10-21T06:11:09.862Z","808","513","1281","670"
"2025-10-21T07:08:25.342Z","808","513","1281","670"
"2025-10-21T08:10:34.305Z","808","513","1281","670"
"2025-10-21T09:08:33.774Z","808","513","1281","670"
"2025-10-21T10:09:23.081Z","808","513","1281","670"
"2025-10-21T11:06:48.939Z","808","513","1281","670"
"2025-10-21T12:13:01.846Z","809","513","1282","670"
"2025-10-21T13:17:43.717Z","811","514","1285","673"
"2025-10-21T14:08:02.601Z","811","514","1285","673"
"2025-10-21T15:08:13.792Z","811","514","1285","673"
"2025-10-21T16:09:19.770Z","813","514","1287","674"
"2025-10-21T17:07:45.126Z","814","514","1288","675"
"2025-10-21T18:09:23.322Z","814","514","1288","675"
"2025-10-21T19:07:00.925Z","815","514","1289","675"
"2025-10-21T20:08:26.427Z","815","514","1289","675"
"2025-10-21T21:07:01.578Z","815","514","1289","675"
"2025-10-21T22:07:25.804Z","815","514","1289","675"
"2025-10-21T23:06:56.931Z","815","514","1289","675"
"2025-10-22T00:31:18.456Z","815","514","1289","675"
"2025-10-22T01:36:34.127Z","815","514","1289","675"
"2025-10-22T02:37:53.456Z","815","515","1290","676"
"2025-10-22T03:26:20.951Z","815","515","1290","676"
"2025-10-22T04:08:50.680Z","815","515","1290","676"
"2025-10-22T05:08:02.323Z","818","515","1293","679"
"2025-10-22T06:11:19.916Z","819","515","1294","679"
"2025-10-22T07:08:23.690Z","819","516","1295","680"
"2025-10-22T08:11:11.444Z","819","516","1295","680"
"2025-10-22T09:09:12.493Z","820","516","1296","681"
"2025-10-22T10:08:27.560Z","821","516","1297","682"
"2025-10-22T11:07:16.368Z","822","517","1299","683"
"2025-10-22T12:12:48.123Z","823","517","1300","683"
"2025-10-22T13:17:10.101Z","825","518","1303","685"
"2025-10-22T14:08:11.524Z","826","518","1304","685"
"2025-10-22T15:07:35.680Z","826","518","1304","685"
"2025-10-22T16:09:12.258Z","827","519","1305","685"
"2025-10-22T17:07:54.847Z","828","519","1306","686"
"2025-10-22T18:11:38.502Z","829","519","1307","686"
"2025-10-22T19:07:00.330Z","829","519","1307","686"
"2025-10-22T20:08:44.632Z","829","519","1307","686"
"2025-10-22T21:06:29.149Z","829","519","1307","686"
"2025-10-22T22:06:45.734Z","831","519","1309","688"
"2025-10-22T23:06:21.172Z","831","519","1309","688"
"2025-10-23T00:29:49.237Z","833","519","1311","688"
"2025-10-23T01:35:04.984Z","834","519","1312","688"
"2025-10-23T02:35:21.182Z","836","519","1314","689"
"2025-10-23T03:22:46.827Z","837","519","1315","689"
"2025-10-23T04:08:20.420Z","837","519","1315","689"
"2025-10-23T05:08:01.104Z","837","519","1315","689"
"2025-10-23T06:10:57.002Z","837","519","1315","689"
"2025-10-23T07:08:30.657Z","837","519","1315","689"
"2025-10-23T08:10:22.703Z","837","519","1315","689"
"2025-10-23T09:08:41.959Z","838","519","1316","689"
"2025-10-23T10:08:59.325Z","838","519","1316","689"
"2025-10-23T11:07:09.244Z","839","519","1317","689"
"2025-10-23T12:12:32.814Z","839","519","1317","689"
"2025-10-23T13:16:19.368Z","839","519","1317","689"
"2025-10-23T14:07:50.962Z","839","520","1318","690"
"2025-10-23T15:07:41.715Z","839","521","1319","691"
"2025-10-23T16:08:51.561Z","839","521","1319","691"
"2025-10-23T17:07:04.074Z","840","521","1320","691"
"2025-10-23T18:10:23.115Z","841","521","1321","692"
"2025-10-23T19:07:24.295Z","842","521","1322","692"
"2025-10-23T20:08:11.737Z","842","522","1323","693"
"2025-10-23T21:06:44.971Z","843","522","1324","694"
"2025-10-23T22:07:08.056Z","843","522","1324","694"
"2025-10-23T23:07:08.848Z","843","522","1324","694"
"2025-10-24T00:27:54.368Z","843","522","1324","694"
"2025-10-24T01:34:56.427Z","843","522","1324","694"
"2025-10-24T02:33:57.267Z","843","522","1324","694"
"2025-10-24T03:20:43.049Z","843","522","1324","694"
"2025-10-24T04:08:45.597Z","843","522","1324","694"
"2025-10-24T05:07:46.769Z","844","522","1325","695"
"2025-10-24T06:10:44.821Z","844","522","1325","695"
"2025-10-24T07:08:08.772Z","844","522","1325","695"
"2025-10-24T08:10:17.270Z","844","522","1325","695"
"2025-10-24T09:08:48.014Z","846","523","1327","695"
"2025-10-24T10:08:45.820Z","846","524","1328","696"
"2025-10-24T11:07:05.686Z","848","527","1332","698"
"2025-10-24T12:13:22.248Z","849","527","1333","698"
"2025-10-24T13:15:43.636Z","850","527","1334","698"
"2025-10-24T14:07:31.809Z","851","527","1335","699"
"2025-10-24T15:07:35.985Z","851","527","1335","699"
"2025-10-24T16:08:35.241Z","852","527","1336","699"
"2025-10-24T17:07:06.300Z","852","528","1337","700"
"2025-10-24T18:10:18.131Z","853","530","1339","700"
"2025-10-24T19:06:34.603Z","853","532","1341","700"
"2025-10-24T20:08:22.155Z","853","533","1342","700"
"2025-10-24T21:06:36.668Z","853","533","1342","700"
"2025-10-24T22:08:09.579Z","854","533","1343","700"
"2025-10-24T23:07:03.810Z","854","533","1343","700"
"2025-10-25T00:29:17.652Z","854","533","1343","700"
"2025-10-25T01:34:48.336Z","858","533","1347","701"
"2025-10-25T02:34:15.247Z","860","534","1349","702"
"2025-10-25T03:22:00.767Z","861","534","1350","703"
"2025-10-25T04:08:18.177Z","861","534","1350","703"
"2025-10-25T05:07:26.329Z","864","535","1353","704"
"2025-10-25T06:09:22.930Z","865","535","1354","704"
"2025-10-25T07:06:47.522Z","866","535","1355","705"
"2025-10-25T08:08:19.894Z","866","535","1355","705"
"2025-10-25T09:06:37.343Z","867","535","1356","706"
"2025-10-25T10:06:45.555Z","867","536","1357","706"
"2025-10-25T11:06:03.684Z","867","536","1357","706"
"2025-10-25T12:10:52.672Z","867","536","1357","706"
"2025-10-25T13:10:04.255Z","867","536","1357","706"
"2025-10-25T14:06:14.822Z","867","536","1357","706"
"2025-10-25T15:06:17.914Z","868","536","1358","707"
"2025-10-25T16:07:21.117Z","870","537","1360","708"
"2025-10-25T17:06:30.294Z","870","537","1360","708"
"2025-10-25T18:08:41.042Z","870","537","1360","708"
"2025-10-25T19:06:11.526Z","870","537","1360","708"
"2025-10-25T20:07:10.262Z","871","537","1361","708"
"2025-10-25T21:06:32.758Z","871","537","1361","708"
"2025-10-25T22:06:26.587Z","871","538","1362","709"
"2025-10-25T23:06:24.566Z","871","538","1362","709"
"2025-10-26T00:32:20.986Z","872","539","1363","710"
"2025-10-26T01:34:57.581Z","872","539","1363","710"
"2025-10-26T02:37:28.570Z","875","540","1367","711"
"2025-10-26T03:25:14.264Z","875","542","1369","711"
"2025-10-26T04:08:07.089Z","876","542","1370","712"
"2025-10-26T05:07:31.235Z","876","542","1370","712"
"2025-10-26T06:09:41.948Z","876","542","1370","712"
"2025-10-26T07:06:40.893Z","878","542","1372","712"
"2025-10-26T08:08:57.820Z","878","542","1372","712"
"2025-10-26T09:06:40.639Z","878","542","1372","712"
"2025-10-26T10:06:57.478Z","878","543","1373","713"
"2025-10-26T11:06:16.568Z","879","543","1374","714"
"2025-10-26T12:11:19.100Z","879","544","1375","714"
"2025-10-26T13:11:18.664Z","879","544","1375","714"
"2025-10-26T14:06:21.719Z","879","544","1375","714"
"2025-10-26T15:06:30.954Z","879","544","1375","714"
"2025-10-26T16:07:56.003Z","879","544","1375","714"
"2025-10-26T17:06:31.533Z","879","544","1375","714"
"2025-10-26T18:09:20.677Z","879","544","1375","714"
"2025-10-26T19:06:06.866Z","879","544","1375","714"
"2025-10-26T20:07:21.393Z","879","544","1375","714"
"2025-10-26T21:06:24.943Z","879","544","1375","714"
"2025-10-26T22:07:12.155Z","879","544","1375","714"
"2025-10-26T23:06:44.427Z","879","544","1375","714"
"2025-10-27T00:33:20.866Z","879","544","1375","714"
"2025-10-27T01:36:34.838Z","879","546","1377","714"
"2025-10-27T02:40:10.520Z","880","546","1378","715"
"2025-10-27T03:32:44.629Z","880","547","1379","715"
"2025-10-27T04:13:54.256Z","880","547","1379","715"
"2025-10-27T05:08:28.233Z","880","547","1379","715"
"2025-10-27T06:12:01.339Z","881","547","1380","715"
"2025-10-27T07:08:12.653Z","881","547","1380","715"
"2025-10-27T08:10:44.485Z","881","547","1380","715"
"2025-10-27T09:10:04.500Z","882","547","1381","715"
"2025-10-27T10:09:30.102Z","882","547","1381","715"
"2025-10-27T11:06:59.019Z","882","547","1381","715"
"2025-10-27T12:13:01.242Z","882","548","1382","716"
"2025-10-27T13:16:32.577Z","883","548","1383","716"
"2025-10-27T14:08:25.083Z","883","548","1383","716"
"2025-10-27T15:08:20.801Z","883","549","1384","717"
"2025-10-27T16:09:04.828Z","884","550","1386","717"
"2025-10-27T17:07:05.357Z","886","550","1388","718"
"2025-10-27T18:10:19.392Z","886","550","1388","718"
"2025-10-27T19:06:36.996Z","886","550","1388","718"
"2025-10-27T20:07:23.951Z","889","551","1392","720"
"2025-10-27T21:06:47.665Z","889","552","1393","721"
"2025-10-27T22:06:46.419Z","890","552","1394","721"
"2025-10-27T23:07:09.112Z","890","552","1394","721"
"2025-10-28T00:29:41.404Z","892","552","1396","722"
"2025-10-28T01:35:55.677Z","893","552","1397","722"
"2025-10-28T02:36:54.118Z","893","553","1398","723"
"2025-10-28T03:24:48.224Z","893","553","1398","723"
"2025-10-28T04:08:38.249Z","893","555","1400","725"
"2025-10-28T05:08:26.901Z","893","556","1401","726"
"2025-10-28T06:11:29.111Z","895","556","1403","726"
"2025-10-28T07:08:07.884Z","896","556","1404","726"
"2025-10-28T08:10:17.384Z","897","556","1405","726"
"2025-10-28T09:08:38.532Z","898","556","1406","727"
"2025-10-28T10:09:00.274Z","898","557","1407","728"
"2025-10-28T11:06:40.703Z","900","557","1409","729"
"2025-10-28T12:13:22.368Z","900","557","1409","729"
"2025-10-28T13:16:01.228Z","900","559","1411","730"
"2025-10-28T14:07:56.248Z","901","559","1412","731"
"2025-10-28T15:08:27.435Z","903","559","1414","732"
"2025-10-28T16:09:38.424Z","905","559","1416","733"
"2025-10-28T17:07:32.905Z","905","559","1416","733"
"2025-10-28T18:10:47.305Z","907","559","1418","735"
"2025-10-28T19:07:33.509Z","909","559","1420","735"
"2025-10-28T20:08:50.644Z","910","560","1422","737"
"2025-10-28T21:07:08.810Z","912","560","1424","737"
"2025-10-28T22:07:16.393Z","913","561","1426","738"
"2025-10-28T23:07:15.987Z","914","561","1427","738"
"2025-10-29T00:31:49.835Z","914","561","1427","738"
"2025-10-29T01:35:50.842Z","914","561","1427","738"
"2025-10-29T02:39:01.526Z","914","561","1427","738"
"2025-10-29T03:29:13.788Z","914","561","1427","738"
"2025-10-29T04:12:00.079Z","914","561","1427","738"
"2025-10-29T05:08:14.816Z","914","561","1427","738"
"2025-10-29T06:11:31.694Z","914","561","1427","738"
"2025-10-29T07:08:29.269Z","915","561","1428","738"
"2025-10-29T08:10:33.735Z","916","561","1429","739"
"2025-10-29T09:08:24.085Z","916","561","1429","739"
"2025-10-29T10:08:52.355Z","916","561","1429","739"
"2025-10-29T11:07:02.715Z","917","562","1431","739"
"2025-10-29T12:13:08.596Z","918","562","1432","739"
"2025-10-29T13:17:14.306Z","919","562","1433","740"
"2025-10-29T14:07:47.776Z","922","562","1436","740"
"2025-10-29T15:08:19.070Z","925","562","1439","740"
"2025-10-29T16:09:18.986Z","925","563","1440","740"
"2025-10-29T17:07:52.474Z","926","563","1441","740"
"2025-10-29T18:11:15.815Z","927","563","1442","740"
"2025-10-29T19:06:38.276Z","928","563","1443","741"
"2025-10-29T20:09:00.638Z","929","563","1444","741"
"2025-10-29T21:07:07.256Z","930","563","1445","741"
"2025-10-29T22:07:40.945Z","930","563","1445","741"
"2025-10-29T23:07:27.007Z","931","563","1446","741"
"2025-10-30T00:31:38.075Z","931","563","1446","741"
"2025-10-30T01:35:48.591Z","933","563","1448","741"
"2025-10-30T02:38:00.921Z","933","563","1448","741"
"2025-10-30T03:26:33.589Z","933","563","1448","741"
"2025-10-30T04:08:28.520Z","933","563","1448","741"
"2025-10-30T05:08:07.911Z","935","563","1450","741"
"2025-10-30T06:11:12.365Z","935","563","1450","741"
"2025-10-30T07:08:20.877Z","935","563","1450","741"
"2025-10-30T08:10:40.738Z","935","563","1450","741"
"2025-10-30T09:08:32.619Z","936","563","1451","741"
"2025-10-30T10:08:30.434Z","937","565","1454","742"
"2025-10-30T11:07:16.661Z","937","567","1456","743"
"2025-10-30T12:12:55.809Z","939","567","1458","743"
"2025-10-30T13:16:17.100Z","940","567","1459","744"
"2025-10-30T14:08:29.843Z","940","567","1459","744"
"2025-10-30T15:08:09.812Z","943","567","1462","745"
"2025-10-30T16:09:16.506Z","944","567","1463","745"
"2025-10-30T17:07:42.138Z","946","567","1465","746"
"2025-10-30T18:10:05.221Z","946","567","1465","746"
"2025-10-30T19:06:35.718Z","948","569","1469","747"
"2025-10-30T20:08:20.805Z","950","569","1471","747"
"2025-10-30T21:07:01.493Z","950","570","1472","747"
"2025-10-30T22:07:15.927Z","950","570","1472","747"
"2025-10-30T23:07:06.199Z","953","572","1476","748"
"2025-10-31T00:30:27.394Z","954","573","1478","748"
"2025-10-31T01:35:30.771Z","955","573","1479","749"
"2025-10-31T02:37:34.146Z","955","573","1479","749"
"2025-10-31T03:26:36.108Z","955","573","1479","749"
"2025-10-31T04:09:32.211Z","957","573","1481","750"
"2025-10-31T05:08:24.843Z","958","573","1482","751"
